{
"lengthUnit": "mil",
"remark": [],
"components": {
	"fields": ["COMPONENT_NO", "COMPONENT_NAME", "LAYER", "X_COORDINATE", "Y_COORDINATE", "ANGLE"],
	"rows": [
		[1, "REF_1", "T", 11977.7026, -3755, 0],
		[2, "REF_1", "T", 6887.7026, -3755, 0],
		[3, "REF_1", "T", 6887.7026, -1005, 0],
		[4, "REF_1", "T", 11977.7026, -1005, 0],
		[5, "REF_1", "T", 11440, -1110, 0]
	]
},
"pins": {
	"fields": ["PIN_NO", "PIN_NAME", "PIN_X", "PIN_Y", "LAYER", "PIN_TYPE", "NET_NAME", "NET_TYPE", "PAD_SHAPE", "PAD_SIZEX", "PAD_SIZEY", "HOLE_SIZE", "HOLE_LEN", "PAD_ANGLE"],
	"rows": [
		[1, "REF_1_999", 11977.7026, -3755, "T", "DIP", "NET_1", "", "C", 125.9843, 125.9843, 125.9843, 125.9843, 0],
		[2, "REF_1_999", 11977.7026, -3755, "B", "DIP", "NET_1", "", "C", 125.9843, 125.9843, 125.9843, 125.9843, 0],
		[3, "REF_1_999", 6887.7026, -3755, "T", "DIP", "NET_2", "", "C", 125.9843, 125.9843, 125.9843, 125.9843, 0],
		[4, "REF_1_999", 6887.7026, -3755, "B", "DIP", "NET_2", "", "C", 125.9843, 125.9843, 125.9843, 125.9843, 0],
		[5, "REF_1_999", 6887.7026, -1005, "T", "DIP", "NET_3", "", "C", 125.9843, 125.9843, 125.9843, 125.9843, 0],
		[6, "REF_1_999", 6887.7026, -1005, "B", "DIP", "NET_3", "", "C", 125.9843, 125.9843, 125.9843, 125.9843, 0],
		[7, "REF_1_999", 11977.7026, -1005, "T", "DIP", "NET_4", "", "C", 125.9843, 125.9843, 125.9843, 125.9843, 0],
		[8, "REF_1_999", 11977.7026, -1005, "B", "DIP", "NET_4", "", "C", 125.9843, 125.9843, 125.9843, 125.9843, 0],
		[9, "REF_1_999", 11440, -1110, "T", "DIP", "NET_5", "", "C", 125.9843, 125.9843, 125.9843, 125.9843, 0],
		[10, "REF_1_999", 11440, -1110, "B", "DIP", "NET_5", "", "C", 125.9843, 125.9843, 125.9843, 125.9843, 0]
	]
}
}